Category;Subcategory;Fact;Support;Opposition;Stance;Fact Coherence;Fact Validity;Fact Weight coherence by validity;Stance Coherence;Stance Validity;Stance Weight coherence by validity
Equality & non-discrimination;Constitution (sexual orientation);0.0;1.0;0.0;1.0;1.0;1.0;1.0;1.0;1.0;1.0
Equality & non-discrimination;Employment (sexual orientation);1.0;1.0;0.0;1.0;1.0;1.0;1.0;1.0;1.0;1.0
Equality & non-discrimination;Goods & services (sexual orientation);0.4;1.0;0.0;1.0;0.04;1.0;0.04;1.0;1.0;1.0
Equality & non-discrimination;Education (sexual orientation);1.0;1.0;0.0;1.0;1.0;1.0;1.0;1.0;1.0;1.0
Equality & non-discrimination;Health (sexual orientation);1.0;1.0;0.0;1.0;1.0;1.0;1.0;1.0;1.0;1.0
Equality & non-discrimination;Conversion practices ban (sexual orientation);0.0;1.0;0.0;1.0;1.0;1.0;1.0;1.0;1.0;1.0
Equality & non-discrimination;Equality body mandate (sexual orientation);1.0;1.0;0.0;1.0;1.0;1.0;1.0;1.0;1.0;1.0
Equality & non-discrimination;Equality action plan (sexual orientation);1.0;1.0;0.0;1.0;1.0;1.0;1.0;1.0;1.0;1.0
Equality & non-discrimination;Constitution (gender identity);0.0;1.0;0.0;1.0;1.0;1.0;1.0;1.0;1.0;1.0
Equality & non-discrimination;Employment (gender identity);0.0;1.0;0.0;1.0;1.0;1.0;1.0;1.0;1.0;1.0
Equality & non-discrimination;Goods & services (gender identity);0.0;1.0;0.0;1.0;1.0;1.0;1.0;1.0;1.0;1.0
Equality & non-discrimination;Education (gender identity);0.6;1.0;0.0;1.0;0.04;1.0;0.04;1.0;1.0;1.0
Equality & non-discrimination;Health (gender identity);0.8;1.0;0.0;1.0;0.36;1.0;0.36;1.0;1.0;1.0
Equality & non-discrimination;Conversion practices ban (gender identity);0.0;1.0;0.0;1.0;1.0;1.0;1.0;1.0;1.0;1.0
Equality & non-discrimination;Equality body mandate (gender identity);0.4;1.0;0.0;1.0;0.04;1.0;0.04;1.0;1.0;1.0
Equality & non-discrimination;Equality action plan (gender identity);1.0;1.0;0.0;1.0;1.0;1.0;1.0;1.0;1.0;1.0
Equality & non-discrimination;Law (gender expression);0.0;1.0;0.0;1.0;1.0;1.0;1.0;1.0;1.0;1.0
Equality & non-discrimination;Constitution (sex characteristics);0.0;1.0;0.0;1.0;1.0;1.0;1.0;1.0;1.0;1.0
Equality & non-discrimination;Employment (sex characteristics);0.0;1.0;0.0;1.0;1.0;1.0;1.0;1.0;1.0;1.0
Equality & non-discrimination;Goods & services (sex characteristics);0.0;1.0;0.0;1.0;1.0;1.0;1.0;1.0;1.0;1.0
Equality & non-discrimination;Education (sex characteristics);0.0;1.0;0.0;1.0;1.0;1.0;1.0;1.0;1.0;1.0
Equality & non-discrimination;Health (sex characteristics);0.0;1.0;0.0;1.0;1.0;1.0;1.0;1.0;1.0;1.0
Equality & non-discrimination;Equality body mandate (sex characteristics);0.0;1.0;0.0;1.0;1.0;1.0;1.0;1.0;1.0;1.0
Equality & non-discrimination;Equality action plan (sex characteristics);0.2;1.0;0.0;1.0;0.36;1.0;0.36;1.0;1.0;1.0
Equality & non-discrimination;Blood donations;1.0;1.0;0.0;1.0;1.0;1.0;1.0;1.0;1.0;1.0
Family;Marriage equality;1.0;1.0;0.0;1.0;1.0;1.0;1.0;1.0;1.0;1.0
Family;Registered partnership (similar rights to marriage);0.0;1.0;0.0;1.0;1.0;1.0;1.0;1.0;1.0;1.0
Family;Registered partnership (limited rights);0.0;1.0;0.0;1.0;1.0;1.0;1.0;1.0;1.0;1.0
Family;Cohabitation;0.0;1.0;0.0;1.0;1.0;1.0;1.0;1.0;1.0;1.0
Family;No constitutional limitation on marriage;0.0;1.0;0.6;0.7;1.0;1.0;1.0;0.04;1.0;0.04
Family;Joint adoption;0.0;1.0;0.2;0.9;1.0;1.0;1.0;1.0;0.6;0.6
Family;Second-parent adoption;0.0;1.0;0.1;0.95;1.0;1.0;1.0;1.0;0.8;0.8
Family;Automatic co-parent recognition;0.0;1.0;0.0;1.0;1.0;1.0;1.0;1.0;1.0;1.0
Family;Medically assisted insemination (couples);0.0;1.0;0.0;1.0;1.0;1.0;1.0;1.0;1.0;1.0
Family;Medically assisted insemination (singles);0.0;1.0;1.0;0.5;1.0;1.0;1.0;1.0;1.0;1.0
Family;Recognition of trans parenthood;0.0;1.0;0.4;0.8;1.0;1.0;1.0;0.04;1.0;0.04
Hate crime & hate speech;Hate crime law (sexual orientation);0.0;1.0;0.0;1.0;1.0;1.0;1.0;1.0;1.0;1.0
Hate crime & hate speech;Hate speech law (sexual orientation);0.0;1.0;0.0;1.0;1.0;1.0;1.0;1.0;1.0;1.0
Hate crime & hate speech;Policy tackling hatred (sexual orientation);0.0;1.0;0.0;1.0;1.0;1.0;1.0;1.0;1.0;1.0
Hate crime & hate speech;Hate crime law (gender identity);0.0;1.0;0.0;1.0;1.0;1.0;1.0;1.0;1.0;1.0
Hate crime & hate speech;Hate speech law (gender identity);0.0;1.0;0.0;1.0;1.0;1.0;1.0;1.0;1.0;1.0
Hate crime & hate speech;Policy tackling hatred (gender identity);0.0;1.0;0.0;1.0;1.0;1.0;1.0;1.0;1.0;1.0
Hate crime & hate speech;Hate crime law (intersex);0.0;1.0;0.0;1.0;1.0;1.0;1.0;1.0;1.0;1.0
Hate crime & hate speech;Hate speech law (sex characteristics);0.0;1.0;0.0;1.0;1.0;1.0;1.0;1.0;1.0;1.0
Hate crime & hate speech;Policies tackling hatred (intersex);0.0;1.0;0.0;1.0;1.0;1.0;1.0;1.0;1.0;1.0
Legal gender recognition;No legal framework making legal gender recognition impossible;1.0;1.0;0.0;1.0;1.0;1.0;1.0;1.0;1.0;1.0
Legal gender recognition;Existence of legal measures;1.0;1.0;0.0;1.0;1.0;1.0;1.0;1.0;1.0;1.0
Legal gender recognition;Existence of administrative procedures;0.0;1.0;1.0;0.5;1.0;1.0;1.0;1.0;1.0;1.0
Legal gender recognition;Name change;0.0;0.2;1.0;0.1;1.0;1.0;1.0;1.0;1.0;1.0
Legal gender recognition;No age restriction (Name change);1.0;0.8;1.0;0.4;1.0;1.0;1.0;1.0;1.0;1.0
Legal gender recognition;Self-determination;0.0;1.0;1.0;0.5;1.0;1.0;1.0;1.0;1.0;1.0
Legal gender recognition;Non-binary recognition;0.0;1.0;0.0;1.0;1.0;1.0;1.0;1.0;1.0;1.0
Legal gender recognition;No 'Gender Identity Disorder' diagnosis/psychological opinion required;1.0;1.0;0.0;1.0;1.0;1.0;1.0;1.0;1.0;1.0
Legal gender recognition;No compulsory medical intervention required;1.0;1.0;0.0;1.0;1.0;1.0;1.0;1.0;1.0;1.0
Legal gender recognition;No compulsory surgical intervention required;1.0;1.0;0.0;1.0;1.0;1.0;1.0;1.0;1.0;1.0
Legal gender recognition;No compulsory sterilisation required;1.0;1.0;0.0;1.0;1.0;1.0;1.0;1.0;1.0;1.0
Legal gender recognition;No compulsory divorce required;1.0;1.0;0.0;1.0;1.0;1.0;1.0;1.0;1.0;1.0
Legal gender recognition;No age restriction;1.0;1.0;0.0;1.0;1.0;1.0;1.0;1.0;1.0;1.0
Legal gender recognition;Legal gender recognition procedures exist for minors;0.0;1.0;0.0;1.0;1.0;1.0;1.0;1.0;1.0;1.0
Legal gender recognition;Depathologisation;0.0;1.0;0.6;0.7;1.0;1.0;1.0;0.04;1.0;0.04
Intersex bodily integrity;Prohibition of medical intervention without informed consent (intersex);0.0;1.0;0.0;1.0;1.0;1.0;1.0;1.0;1.0;1.0
Intersex bodily integrity;Universality of prohibition of medical interventions;1.0;1.0;0.0;1.0;1.0;1.0;1.0;1.0;1.0;1.0
Intersex bodily integrity;Existence of effective monitoring mechanism;0.0;1.0;1.0;0.5;1.0;1.0;1.0;1.0;1.0;1.0
Intersex bodily integrity;Access to justice for victims and reparations;0.0;1.0;0.0;1.0;1.0;1.0;1.0;1.0;1.0;1.0
Civil society space;Public event held, no state obstruction of freedom of assembly (last 3 years);0.2;1.0;0.0;1.0;0.36;1.0;0.36;1.0;1.0;1.0
Civil society space;Public event held, there is enough protection (last 3 years);1.0;1.0;1.0;0.5;1.0;1.0;1.0;1.0;1.0;1.0
Civil society space;Associations operate, no state obstruction of freedom association (last 3 years);0.0;1.0;0.0;1.0;1.0;1.0;1.0;1.0;1.0;1.0
Civil society space;LGBTI human rights defenders are not at risk;0.0;1.0;0.0;1.0;1.0;1.0;1.0;1.0;1.0;1.0
Civil society space;No laws limiting external funding;0.8;0.4;0.4;0.5;0.36;1.0;0.36;0.04;1.0;0.04
Civil society space;No laws limiting freedom of expression (national/local);0.0;1.0;0.0;1.0;1.0;1.0;1.0;1.0;1.0;1.0
Asylum;Asylum law (sexual orientation);1.0;1.0;0.0;1.0;1.0;1.0;1.0;1.0;1.0;1.0
Asylum;Other positive measures (sexual orientation);0.0;1.0;0.8;0.6;1.0;1.0;1.0;0.36;1.0;0.36
Asylum;Asylum law (gender identity);0.8;1.0;0.0;1.0;0.36;1.0;0.36;1.0;1.0;1.0
Asylum;Other positive measures (gender identity);0.0;1.0;0.6;0.7;1.0;1.0;1.0;0.04;1.0;0.04
Asylum;Asylum law (intersex);0.0;1.0;0.0;1.0;1.0;1.0;1.0;1.0;1.0;1.0
Asylum;Other positive measures (intersex);0.0;1.0;0.4;0.8;1.0;1.0;1.0;0.04;1.0;0.04
