Model;Country;languages;Fact;Stance;Rainbow Map;Fact Statistics;Stance Statistics;Fact Pvalue;Stance Pvalue;Fact MAE;Stance MAE
Qwen3.5 2B;Albania;Albanian;80.56;77.0;35.45;206.5;215.0;0.0;0.0;0.91;0.77
Qwen3.5 2B;Andorra;Catalan;82.25;74.25;43.0;55.0;297.0;0.0;0.0;0.65;0.71
Qwen3.5 2B;Armenia;Armenian;78.36;74.95;9.16;17.5;123.5;0.0;0.0;0.98;1.0
Qwen3.5 2B;Austria;German;89.31;74.36;53.98;93.5;335.5;0.0;0.0;0.67;0.59
Qwen3.5 2B;Azerbaijan;Azerbaijani;69.45;76.12;2.25;0.0;6.0;0.0;0.0;0.92;1.02
Qwen3.5 2B;Belarus;Belarusian;80.56;69.14;10.16;17.5;138.5;0.0;0.0;0.99;0.93
Qwen3.5 2B;Belarus;Russian;80.56;69.14;10.16;17.5;138.5;0.0;0.0;0.99;0.93
Qwen3.5 2B;Belgium;Dutch;85.61;74.31;85.31;170.0;323.0;0.89;0.03;0.4;0.46
Qwen3.5 2B;Belgium;German;85.61;74.31;85.31;170.0;323.0;0.89;0.03;0.4;0.46
Qwen3.5 2B;Belgium;French;85.61;74.31;85.31;170.0;323.0;0.89;0.03;0.4;0.46
Qwen3.5 2B;Bosnia & Herzegovina;Bosnian;76.48;72.61;39.63;195.5;253.0;0.0;0.0;0.8;0.66
Qwen3.5 2B;Bosnia & Herzegovina;Serbian;76.48;72.61;39.63;195.5;253.0;0.0;0.0;0.8;0.66
Qwen3.5 2B;Bosnia & Herzegovina;Croatian;76.48;72.61;39.63;195.5;253.0;0.0;0.0;0.8;0.66
Qwen3.5 2B;Bulgaria;Bulgarian;80.11;75.62;21.26;119.5;213.5;0.0;0.0;0.96;0.92
Qwen3.5 2B;Croatia;Croatian;83.78;75.03;49.14;162.5;319.5;0.0;0.0;0.71;0.63
Qwen3.5 2B;Cyprus;Modern Greek;81.66;74.72;33.69;156.0;323.0;0.0;0.0;0.87;0.82
Qwen3.5 2B;Cyprus;Greek;81.66;74.72;33.69;156.0;323.0;0.0;0.0;0.87;0.82
Qwen3.5 2B;Cyprus;Turkish;81.66;74.72;33.69;156.0;323.0;0.0;0.0;0.87;0.82
Qwen3.5 2B;Czechia;Czech;85.61;74.5;33.17;140.5;180.0;0.0;0.0;0.93;0.74
Qwen3.5 2B;Denmark;Danish;89.31;75.45;80.1;51.0;424.5;0.08;0.29;0.3;0.47
Qwen3.5 2B;Estonia;Estonian;83.41;75.08;45.91;44.5;306.0;0.0;0.0;0.61;0.69
Qwen3.5 2B;Finland;Swedish;83.41;77.09;69.85;131.0;314.5;0.1;0.2;0.48;0.43
Qwen3.5 2B;Finland;Finnish;83.41;77.09;69.85;131.0;314.5;0.1;0.2;0.48;0.43
Qwen3.5 2B;France;French;85.61;74.93;61.38;98.0;366.0;0.0;0.06;0.54;0.52
Qwen3.5 2B;Georgia;Georgian;69.89;74.75;11.88;118.0;191.0;0.0;0.0;0.94;1.0
Qwen3.5 2B;Germany;German;87.81;75.98;69.1;138.5;575.5;0.01;0.55;0.49;0.54
Qwen3.5 2B;Greece;Modern Greek;85.61;73.77;69.18;163.0;468.5;0.06;0.76;0.58;0.5
Qwen3.5 2B;Greece;Greek;85.61;73.77;69.18;163.0;468.5;0.06;0.76;0.58;0.5
Qwen3.5 2B;Hungary;Hungarian;73.5;75.84;22.7;193.5;285.0;0.0;0.0;0.92;0.93
Qwen3.5 2B;Iceland;Icelandic;85.93;74.17;84.06;116.0;237.0;0.73;0.03;0.37;0.38
Qwen3.5 2B;Ireland;Irish;83.78;71.91;62.84;128.5;610.5;0.01;0.26;0.53;0.61
Qwen3.5 2B;Ireland;English;83.78;71.91;62.84;128.5;610.5;0.01;0.26;0.53;0.61
Qwen3.5 2B;Italy;Italian;87.03;76.0;24.41;113.5;145.0;0.0;0.0;1.01;0.84
Qwen3.5 2B;Netherlands;Dutch;85.61;74.7;63.82;133.5;389.5;0.01;0.15;0.59;0.55
Qwen3.5 2B;Kosovo;Serbian;78.66;73.14;34.82;193.0;341.5;0.0;0.0;0.87;0.82
Qwen3.5 2B;Kosovo;Albanian;78.66;73.14;34.82;193.0;341.5;0.0;0.0;0.87;0.82
Qwen3.5 2B;Latvia;Latvian;85.61;76.37;25.74;82.5;238.0;0.0;0.0;0.93;0.89
Qwen3.5 2B;Liechtenstein;German;85.13;76.16;28.96;93.0;112.5;0.0;0.0;0.88;0.75
Qwen3.5 2B;Lithuania;Lithuanian;85.61;76.0;24.09;52.5;205.0;0.0;0.0;0.91;0.89
Qwen3.5 2B;Luxembourg;Luxembourgish;89.31;75.22;68.41;43.5;499.0;0.0;0.36;0.4;0.53
Qwen3.5 2B;Luxembourg;German;89.31;75.22;68.41;43.5;499.0;0.0;0.36;0.4;0.53
Qwen3.5 2B;Luxembourg;French;89.31;75.22;68.41;43.5;499.0;0.0;0.36;0.4;0.53
Qwen3.5 2B;Malta;Maltese;83.41;73.25;88.83;62.0;192.5;0.3;0.0;0.32;0.42
Qwen3.5 2B;Malta;English;83.41;73.25;88.83;62.0;192.5;0.3;0.0;0.32;0.42
Qwen3.5 2B;Moldova;Romanian;61.82;72.0;38.41;349.5;399.0;0.04;0.0;0.81;0.79
Qwen3.5 2B;Monaco;French;79.55;73.47;13.7;82.0;117.5;0.0;0.0;1.0;0.92
Qwen3.5 2B;Montenegro;Montenegrin;72.28;78.09;49.28;348.0;229.5;0.04;0.0;0.85;0.62
Qwen3.5 2B;North Macedonia;Macedonian;73.23;74.25;29.26;255.5;263.5;0.0;0.0;0.93;0.85
Qwen3.5 2B;North Macedonia;Albanian;73.23;74.25;29.26;255.5;263.5;0.0;0.0;0.93;0.85
Qwen3.5 2B;Norway;Bokmål;83.83;79.62;68.6;140.0;282.0;0.06;0.05;0.51;0.45
Qwen3.5 2B;Poland;Polish;87.81;75.03;20.5;49.0;106.0;0.0;0.0;1.01;0.86
Qwen3.5 2B;Portugal;Portuguese;83.41;76.37;66.99;104.5;400.5;0.02;0.19;0.46;0.52
Qwen3.5 2B;Romania;Romanian;76.53;78.77;18.63;119.0;127.0;0.0;0.0;0.94;0.94
Qwen3.5 2B;Russia;Russian;87.69;67.48;2.0;0.0;41.0;0.0;0.0;1.17;0.92
Qwen3.5 2B;San Marino;Italian;78.68;77.91;14.97;82.5;98.5;0.0;0.0;0.97;0.94
Qwen3.5 2B;Serbia;Serbian;80.11;76.7;35.26;187.0;191.5;0.0;0.0;0.89;0.75
Qwen3.5 2B;Slovakia;Slovak;83.41;73.64;27.17;155.0;182.5;0.0;0.0;0.98;0.79
Qwen3.5 2B;Slovenia;Slovene;85.61;76.13;50.29;120.5;253.0;0.0;0.0;0.72;0.62
Qwen3.5 2B;Spain;Spanish;87.81;74.7;77.97;125.0;459.5;0.2;0.51;0.39;0.46
Qwen3.5 2B;Sweden;Swedish;86.71;77.81;66.07;119.0;357.0;0.01;0.04;0.5;0.51
Qwen3.5 2B;Switzerland;Italian;84.83;73.18;50.12;55.5;351.0;0.0;0.0;0.62;0.67
Qwen3.5 2B;Switzerland;German;84.83;73.18;50.12;55.5;351.0;0.0;0.0;0.62;0.67
Qwen3.5 2B;Switzerland;French;84.83;73.18;50.12;55.5;351.0;0.0;0.0;0.62;0.67
Qwen3.5 2B;Turkey;Turkish;68.52;72.12;4.75;17.5;43.0;0.0;0.0;0.9;0.96
Qwen3.5 2B;Ukraine;Ukrainian;80.83;72.38;18.76;73.0;182.0;0.0;0.0;0.95;0.9
Qwen3.5 2B;United Kingdom;English;75.68;70.93;45.65;299.0;518.5;0.0;0.0;0.79;0.7
Qwen3.5 9B;Albania;Albanian;21.24;79.34;35.45;172.0;82.0;0.13;0.0;0.59;0.71
Qwen3.5 9B;Andorra;Catalan;51.76;85.89;43.0;105.5;65.0;0.2;0.0;0.43;0.69
Qwen3.5 9B;Armenia;Armenian;10.31;76.48;9.16;34.5;40.5;0.72;0.0;0.24;0.98
Qwen3.5 9B;Austria;German;62.04;82.97;53.98;305.0;183.5;0.34;0.0;0.63;0.61
Qwen3.5 9B;Azerbaijan;Azerbaijani;7.45;68.8;2.25;3.5;5.5;0.14;0.0;0.13;0.92
Qwen3.5 9B;Belarus;Belarusian;6.5;68.22;10.16;19.5;159.5;0.41;0.0;0.18;0.93
Qwen3.5 9B;Belarus;Russian;6.5;68.22;10.16;19.5;159.5;0.41;0.0;0.18;0.93
Qwen3.5 9B;Belgium;Dutch;69.94;84.64;85.31;55.0;187.5;0.02;0.72;0.39;0.29
Qwen3.5 9B;Belgium;German;69.94;84.64;85.31;55.0;187.5;0.02;0.72;0.39;0.29
Qwen3.5 9B;Belgium;French;69.94;84.64;85.31;55.0;187.5;0.02;0.72;0.39;0.29
Qwen3.5 9B;Bosnia & Herzegovina;Bosnian;9.68;81.23;39.63;61.0;66.5;0.0;0.0;0.52;0.64
Qwen3.5 9B;Bosnia & Herzegovina;Serbian;9.68;81.23;39.63;61.0;66.5;0.0;0.0;0.52;0.64
Qwen3.5 9B;Bosnia & Herzegovina;Croatian;9.68;81.23;39.63;61.0;66.5;0.0;0.0;0.52;0.64
Qwen3.5 9B;Bulgaria;Bulgarian;36.86;79.23;21.26;115.0;49.0;0.04;0.0;0.5;0.84
Qwen3.5 9B;Croatia;Croatian;43.74;81.39;49.14;196.5;180.0;0.46;0.0;0.56;0.64
Qwen3.5 9B;Cyprus;Modern Greek;29.5;83.62;33.69;152.0;103.0;0.55;0.0;0.54;0.82
Qwen3.5 9B;Cyprus;Greek;29.5;83.62;33.69;152.0;103.0;0.55;0.0;0.54;0.82
Qwen3.5 9B;Cyprus;Turkish;29.5;83.62;33.69;152.0;103.0;0.55;0.0;0.54;0.82
Qwen3.5 9B;Czechia;Czech;53.4;82.72;33.17;126.0;62.0;0.01;0.0;0.57;0.76
Qwen3.5 9B;Denmark;Danish;75.19;87.54;80.1;96.0;167.0;0.5;0.27;0.37;0.34
Qwen3.5 9B;Estonia;Estonian;63.4;85.14;45.91;112.0;140.0;0.02;0.0;0.51;0.74
Qwen3.5 9B;Finland;Swedish;75.85;86.27;69.85;118.5;178.5;0.37;0.03;0.4;0.47
Qwen3.5 9B;Finland;Finnish;75.85;86.27;69.85;118.5;178.5;0.37;0.03;0.4;0.47
Qwen3.5 9B;France;French;61.91;83.47;61.38;121.0;226.0;0.86;0.0;0.39;0.56
Qwen3.5 9B;Georgia;Georgian;20.7;74.87;11.88;59.5;130.5;0.15;0.0;0.39;0.96
Qwen3.5 9B;Germany;German;66.34;85.31;69.1;228.0;201.5;0.69;0.01;0.42;0.43
Qwen3.5 9B;Greece;Modern Greek;34.81;84.09;69.18;71.0;118.5;0.0;0.01;0.63;0.37
Qwen3.5 9B;Greece;Greek;34.81;84.09;69.18;71.0;118.5;0.0;0.01;0.63;0.37
Qwen3.5 9B;Hungary;Hungarian;39.49;77.81;22.7;122.0;162.5;0.06;0.0;0.51;0.89
Qwen3.5 9B;Iceland;Icelandic;74.35;89.44;84.06;101.5;148.0;0.17;0.48;0.43;0.34
Qwen3.5 9B;Ireland;Irish;59.14;85.29;62.84;128.0;254.0;0.53;0.0;0.4;0.57
Qwen3.5 9B;Ireland;English;59.14;85.29;62.84;128.0;254.0;0.53;0.0;0.4;0.57
Qwen3.5 9B;Italy;Italian;51.68;84.42;24.41;132.5;113.5;0.0;0.0;0.61;0.97
Qwen3.5 9B;Netherlands;Dutch;73.87;87.54;63.82;134.5;92.5;0.19;0.0;0.51;0.48
Qwen3.5 9B;Kosovo;Serbian;17.25;80.39;34.82;127.0;84.0;0.05;0.0;0.55;0.74
Qwen3.5 9B;Kosovo;Albanian;17.25;80.39;34.82;127.0;84.0;0.05;0.0;0.55;0.74
Qwen3.5 9B;Latvia;Latvian;47.65;83.92;25.74;169.0;31.0;0.02;0.0;0.61;0.85
Qwen3.5 9B;Liechtenstein;German;54.48;84.69;28.96;85.0;74.5;0.0;0.0;0.53;0.86
Qwen3.5 9B;Lithuania;Lithuanian;46.77;82.04;24.09;77.5;79.5;0.0;0.0;0.5;0.9
Qwen3.5 9B;Luxembourg;Luxembourgish;67.95;88.24;68.41;92.0;109.5;0.9;0.0;0.28;0.44
Qwen3.5 9B;Luxembourg;German;67.95;88.24;68.41;92.0;109.5;0.9;0.0;0.28;0.44
Qwen3.5 9B;Luxembourg;French;67.95;88.24;68.41;92.0;109.5;0.9;0.0;0.28;0.44
Qwen3.5 9B;Malta;Maltese;45.89;83.62;88.83;82.0;176.0;0.0;0.37;0.75;0.31
Qwen3.5 9B;Malta;English;45.89;83.62;88.83;82.0;176.0;0.0;0.37;0.75;0.31
Qwen3.5 9B;Moldova;Romanian;11.11;78.89;38.41;69.0;231.0;0.0;0.0;0.56;0.79
Qwen3.5 9B;Monaco;French;30.06;83.5;13.7;89.5;46.0;0.05;0.0;0.45;1.02
Qwen3.5 9B;Montenegro;Montenegrin;23.35;82.86;49.28;195.5;86.5;0.01;0.0;0.71;0.57
Qwen3.5 9B;North Macedonia;Macedonian;20.81;81.06;29.26;126.0;46.0;0.32;0.0;0.47;0.77
Qwen3.5 9B;North Macedonia;Albanian;20.81;81.06;29.26;126.0;46.0;0.32;0.0;0.47;0.77
Qwen3.5 9B;Norway;Bokmål;75.85;88.37;68.6;101.0;128.5;0.26;0.0;0.37;0.47
Qwen3.5 9B;Poland;Polish;39.83;77.19;20.5;138.5;128.5;0.01;0.0;0.56;0.93
Qwen3.5 9B;Portugal;Portuguese;70.44;87.37;66.99;148.0;107.5;0.7;0.0;0.43;0.47
Qwen3.5 9B;Romania;Romanian;31.03;79.84;18.63;73.0;35.5;0.08;0.0;0.38;0.89
Qwen3.5 9B;Russia;Russian;7.3;63.4;2.0;5.0;0.0;0.25;0.0;0.13;0.84
Qwen3.5 9B;San Marino;Italian;27.37;84.53;14.97;38.0;17.5;0.07;0.0;0.33;0.98
Qwen3.5 9B;Serbia;Serbian;24.77;80.16;35.26;114.0;62.0;0.19;0.0;0.47;0.68
Qwen3.5 9B;Slovakia;Slovak;42.59;81.91;27.17;84.0;30.5;0.03;0.0;0.44;0.79
Qwen3.5 9B;Slovenia;Slovene;53.9;85.54;50.29;233.0;91.5;0.56;0.0;0.59;0.63
Qwen3.5 9B;Spain;Spanish;67.97;85.67;77.97;113.5;270.0;0.11;0.32;0.42;0.42
Qwen3.5 9B;Sweden;Swedish;77.35;88.02;66.07;92.5;113.5;0.1;0.0;0.41;0.45
Qwen3.5 9B;Switzerland;Italian;61.5;83.92;50.12;169.5;140.0;0.12;0.0;0.52;0.68
Qwen3.5 9B;Switzerland;German;61.5;83.92;50.12;169.5;140.0;0.12;0.0;0.52;0.68
Qwen3.5 9B;Switzerland;French;61.5;83.92;50.12;169.5;140.0;0.12;0.0;0.52;0.68
Qwen3.5 9B;Turkey;Turkish;7.0;77.56;4.75;18.0;33.0;0.59;0.0;0.16;1.04
Qwen3.5 9B;Ukraine;Ukrainian;16.76;75.73;18.76;93.5;131.0;0.67;0.0;0.33;0.92
Qwen3.5 9B;United Kingdom;English;54.66;83.03;45.65;105.0;166.5;0.12;0.0;0.37;0.67
Qwen3.5 27B;Albania;Albanian;18.99;90.72;35.45;231.0;46.0;0.03;0.0;0.53;0.81
Qwen3.5 27B;Andorra;Catalan;36.44;92.52;43.0;217.5;77.5;0.17;0.0;0.34;0.75
Qwen3.5 27B;Armenia;Armenian;10.39;86.36;9.16;71.5;44.5;0.54;0.0;0.22;1.11
Qwen3.5 27B;Austria;German;49.5;90.56;53.98;606.5;302.5;0.45;0.0;0.6;0.67
Qwen3.5 27B;Azerbaijan;Azerbaijani;5.27;74.2;2.25;9.0;0.0;0.11;0.0;0.08;0.99
Qwen3.5 27B;Belarus;Belarusian;4.92;71.12;10.16;19.5;67.0;0.13;0.0;0.13;0.9
Qwen3.5 27B;Belarus;Russian;4.92;71.12;10.16;19.5;67.0;0.13;0.0;0.13;0.9
Qwen3.5 27B;Belgium;Dutch;57.75;91.99;85.31;124.5;262.5;0.0;0.39;0.54;0.26
Qwen3.5 27B;Belgium;German;57.75;91.99;85.31;124.5;262.5;0.0;0.39;0.54;0.26
Qwen3.5 27B;Belgium;French;57.75;91.99;85.31;124.5;262.5;0.0;0.39;0.54;0.26
Qwen3.5 27B;Bosnia & Herzegovina;Bosnian;15.02;90.62;39.63;154.5;35.5;0.0;0.0;0.52;0.74
Qwen3.5 27B;Bosnia & Herzegovina;Serbian;15.02;90.62;39.63;154.5;35.5;0.0;0.0;0.52;0.74
Qwen3.5 27B;Bosnia & Herzegovina;Croatian;15.02;90.62;39.63;154.5;35.5;0.0;0.0;0.52;0.74
Qwen3.5 27B;Bulgaria;Bulgarian;22.62;85.34;21.26;223.0;39.0;0.85;0.0;0.35;0.92
Qwen3.5 27B;Croatia;Croatian;37.43;87.77;49.14;246.0;172.5;0.11;0.0;0.5;0.7
Qwen3.5 27B;Cyprus;Modern Greek;22.89;92.26;33.69;320.5;76.5;0.23;0.0;0.49;0.88
Qwen3.5 27B;Cyprus;Greek;22.89;92.26;33.69;320.5;76.5;0.23;0.0;0.49;0.88
Qwen3.5 27B;Cyprus;Turkish;22.89;92.26;33.69;320.5;76.5;0.23;0.0;0.49;0.88
Qwen3.5 27B;Czechia;Czech;33.49;87.33;33.17;365.5;99.0;0.94;0.0;0.5;0.82
Qwen3.5 27B;Denmark;Danish;58.16;92.15;80.1;109.0;221.5;0.0;0.08;0.45;0.33
Qwen3.5 27B;Estonia;Estonian;39.0;84.9;45.91;342.0;277.0;0.36;0.0;0.52;0.8
Qwen3.5 27B;Finland;Swedish;56.6;92.83;69.85;243.0;159.5;0.04;0.0;0.49;0.44
Qwen3.5 27B;Finland;Finnish;56.6;92.83;69.85;243.0;159.5;0.04;0.0;0.49;0.44
Qwen3.5 27B;France;French;55.84;89.3;61.38;206.5;211.0;0.28;0.0;0.42;0.55
Qwen3.5 27B;Georgia;Georgian;16.32;86.21;11.88;131.5;54.5;0.4;0.0;0.33;1.08
Qwen3.5 27B;Germany;German;54.58;92.63;69.1;239.5;181.0;0.01;0.0;0.41;0.42
Qwen3.5 27B;Greece;Modern Greek;37.92;93.45;69.18;136.0;162.5;0.0;0.0;0.64;0.46
Qwen3.5 27B;Greece;Greek;37.92;93.45;69.18;136.0;162.5;0.0;0.0;0.64;0.46
Qwen3.5 27B;Hungary;Hungarian;25.13;82.52;22.7;218.0;130.0;0.17;0.0;0.41;0.95
Qwen3.5 27B;Iceland;Icelandic;63.87;94.19;84.06;180.0;224.0;0.0;0.31;0.51;0.28
Qwen3.5 27B;Ireland;Irish;59.39;93.37;62.84;204.0;83.0;0.56;0.0;0.37;0.53
Qwen3.5 27B;Ireland;English;59.39;93.37;62.84;204.0;83.0;0.56;0.0;0.37;0.53
Qwen3.5 27B;Italy;Italian;34.49;88.01;24.41;218.0;67.5;0.11;0.0;0.41;0.95
Qwen3.5 27B;Netherlands;Dutch;64.89;93.02;63.82;419.5;167.0;0.89;0.0;0.5;0.53
Qwen3.5 27B;Kosovo;Serbian;28.12;92.09;34.82;328.5;56.5;0.27;0.0;0.45;0.85
Qwen3.5 27B;Kosovo;Albanian;28.12;92.09;34.82;328.5;56.5;0.27;0.0;0.45;0.85
Qwen3.5 27B;Latvia;Latvian;25.84;87.76;25.74;347.0;78.0;0.95;0.0;0.48;0.93
Qwen3.5 27B;Liechtenstein;German;30.93;90.88;28.96;344.5;133.0;0.53;0.0;0.49;0.97
Qwen3.5 27B;Lithuania;Lithuanian;32.51;86.2;24.09;194.5;24.0;0.08;0.0;0.36;0.88
Qwen3.5 27B;Luxembourg;Luxembourgish;52.2;90.39;68.41;147.5;249.5;0.0;0.0;0.4;0.47
Qwen3.5 27B;Luxembourg;German;52.2;90.39;68.41;147.5;249.5;0.0;0.0;0.4;0.47
Qwen3.5 27B;Luxembourg;French;52.2;90.39;68.41;147.5;249.5;0.0;0.0;0.4;0.47
Qwen3.5 27B;Malta;Maltese;52.85;93.77;88.83;127.5;98.0;0.0;0.22;0.62;0.22
Qwen3.5 27B;Malta;English;52.85;93.77;88.83;127.5;98.0;0.0;0.22;0.62;0.22
Qwen3.5 27B;Moldova;Romanian;11.5;88.72;38.41;108.5;61.5;0.0;0.0;0.51;0.76
Qwen3.5 27B;Monaco;French;19.89;86.54;13.7;131.5;48.0;0.1;0.0;0.28;1.06
Qwen3.5 27B;Montenegro;Montenegrin;29.65;91.79;49.28;280.0;40.5;0.01;0.0;0.61;0.63
Qwen3.5 27B;North Macedonia;Macedonian;21.59;88.42;29.26;234.5;41.0;0.19;0.0;0.46;0.86
Qwen3.5 27B;North Macedonia;Albanian;21.59;88.42;29.26;234.5;41.0;0.19;0.0;0.46;0.86
Qwen3.5 27B;Norway;Bokmål;62.72;91.36;68.6;249.0;221.0;0.28;0.0;0.41;0.48
Qwen3.5 27B;Poland;Polish;22.05;84.94;20.5;291.5;107.5;0.92;0.0;0.41;0.96
Qwen3.5 27B;Portugal;Portuguese;61.2;92.38;66.99;254.5;220.5;0.32;0.0;0.41;0.51
Qwen3.5 27B;Romania;Romanian;24.98;85.76;18.63;143.5;40.0;0.27;0.0;0.34;0.96
Qwen3.5 27B;Russia;Russian;5.22;60.82;2.0;12.0;23.5;0.03;0.0;0.1;0.82
Qwen3.5 27B;San Marino;Italian;19.93;89.11;14.97;132.0;37.0;0.27;0.0;0.34;1.06
Qwen3.5 27B;Serbia;Serbian;30.65;84.61;35.26;229.0;70.0;0.36;0.0;0.42;0.74
Qwen3.5 27B;Slovakia;Slovak;25.75;83.26;27.17;331.0;66.0;0.76;0.0;0.42;0.83
Qwen3.5 27B;Slovenia;Slovene;44.47;86.95;50.29;400.5;266.5;0.52;0.0;0.55;0.7
Qwen3.5 27B;Spain;Spanish;62.32;92.3;77.97;191.5;183.5;0.01;0.02;0.46;0.34
Qwen3.5 27B;Sweden;Swedish;65.1;92.68;66.07;386.0;183.5;0.96;0.0;0.48;0.5
Qwen3.5 27B;Switzerland;Italian;45.49;92.06;50.12;477.5;90.5;0.49;0.0;0.5;0.67
Qwen3.5 27B;Switzerland;German;45.49;92.06;50.12;477.5;90.5;0.49;0.0;0.5;0.67
Qwen3.5 27B;Switzerland;French;45.49;92.06;50.12;477.5;90.5;0.49;0.0;0.5;0.67
Qwen3.5 27B;Turkey;Turkish;9.99;85.94;4.75;22.0;34.0;0.1;0.0;0.14;1.16
Qwen3.5 27B;Ukraine;Ukrainian;10.9;86.23;18.76;143.5;54.5;0.17;0.0;0.33;0.98
Qwen3.5 27B;United Kingdom;English;54.97;89.45;45.65;293.5;131.5;0.12;0.0;0.49;0.72
LlaMa 3.2 3B;Albania;Albanian;45.79;78.29;35.45;514.5;198.5;0.23;0.0;0.61;0.74
LlaMa 3.2 3B;Andorra;Catalan;56.89;81.43;43.0;370.5;249.5;0.04;0.0;0.56;0.73
LlaMa 3.2 3B;Armenia;Armenian;40.25;78.45;9.16;90.5;135.0;0.0;0.0;0.5;1.06
LlaMa 3.2 3B;Austria;German;50.0;50.0;53.98;1286.0;1286.0;0.72;0.72;0.68;0.68
LlaMa 3.2 3B;Azerbaijan;Azerbaijani;50.0;50.0;2.25;52.5;52.5;0.0;0.0;0.68;0.68
LlaMa 3.2 3B;Belarus;Belarusian;30.76;77.56;10.16;136.5;126.0;0.0;0.0;0.41;1.02
LlaMa 3.2 3B;Belarus;Russian;30.76;77.56;10.16;136.5;126.0;0.0;0.0;0.41;1.02
LlaMa 3.2 3B;Belgium;Dutch;50.0;50.0;85.31;337.0;337.0;0.0;0.0;0.68;0.68
LlaMa 3.2 3B;Belgium;German;50.0;50.0;85.31;337.0;337.0;0.0;0.0;0.68;0.68
LlaMa 3.2 3B;Belgium;French;50.0;50.0;85.31;337.0;337.0;0.0;0.0;0.68;0.68
LlaMa 3.2 3B;Bosnia & Herzegovina;Bosnian;47.76;79.19;39.63;460.5;199.0;0.27;0.0;0.44;0.7
LlaMa 3.2 3B;Bosnia & Herzegovina;Serbian;47.76;79.19;39.63;460.5;199.0;0.27;0.0;0.44;0.7
LlaMa 3.2 3B;Bosnia & Herzegovina;Croatian;47.76;79.19;39.63;460.5;199.0;0.27;0.0;0.44;0.7
LlaMa 3.2 3B;Bulgaria;Bulgarian;49.92;80.37;21.26;198.0;80.5;0.0;0.0;0.54;0.88
LlaMa 3.2 3B;Croatia;Croatian;59.05;79.08;49.14;394.0;337.5;0.16;0.0;0.53;0.69
LlaMa 3.2 3B;Cyprus;Modern Greek;42.34;78.12;33.69;682.0;293.0;0.25;0.0;0.67;0.84
LlaMa 3.2 3B;Cyprus;Greek;42.34;78.12;33.69;682.0;293.0;0.25;0.0;0.67;0.84
LlaMa 3.2 3B;Cyprus;Turkish;42.34;78.12;33.69;682.0;293.0;0.25;0.0;0.67;0.84
LlaMa 3.2 3B;Czechia;Czech;57.33;83.16;33.17;337.5;222.5;0.0;0.0;0.66;0.86
LlaMa 3.2 3B;Denmark;Danish;69.29;82.67;80.1;182.5;488.0;0.01;0.93;0.32;0.35
LlaMa 3.2 3B;Estonia;Estonian;72.51;83.77;45.91;273.0;242.5;0.0;0.0;0.59;0.74
LlaMa 3.2 3B;Finland;Swedish;69.64;82.21;69.85;312.0;393.0;0.96;0.11;0.37;0.48
LlaMa 3.2 3B;Finland;Finnish;69.64;82.21;69.85;312.0;393.0;0.96;0.11;0.37;0.48
LlaMa 3.2 3B;France;French;38.13;76.25;61.38;331.0;647.0;0.0;0.11;0.6;0.63
LlaMa 3.2 3B;Georgia;Georgian;46.77;74.4;11.88;186.5;83.0;0.0;0.0;0.65;0.93
LlaMa 3.2 3B;Germany;German;50.0;50.0;69.1;822.0;822.0;0.0;0.0;0.63;0.63
LlaMa 3.2 3B;Greece;Modern Greek;50.25;78.74;69.18;325.0;561.0;0.0;0.34;0.52;0.55
LlaMa 3.2 3B;Greece;Greek;50.25;78.74;69.18;325.0;561.0;0.0;0.34;0.52;0.55
LlaMa 3.2 3B;Hungary;Hungarian;50.0;50.0;22.7;654.5;654.5;0.0;0.0;0.67;0.67
LlaMa 3.2 3B;Iceland;Icelandic;50.0;50.0;84.06;436.0;436.0;0.0;0.0;0.68;0.68
LlaMa 3.2 3B;Ireland;Irish;50.0;50.0;62.84;984.5;984.5;0.04;0.04;0.68;0.68
LlaMa 3.2 3B;Ireland;English;50.0;50.0;62.84;984.5;984.5;0.04;0.04;0.68;0.68
LlaMa 3.2 3B;Italy;Italian;48.24;79.22;24.41;419.5;311.0;0.0;0.0;0.65;0.99
LlaMa 3.2 3B;Netherlands;Dutch;50.0;50.0;63.82;985.5;985.5;0.04;0.04;0.68;0.68
LlaMa 3.2 3B;Kosovo;Serbian;49.39;78.35;34.82;476.0;154.0;0.03;0.0;0.55;0.73
LlaMa 3.2 3B;Kosovo;Albanian;49.39;78.35;34.82;476.0;154.0;0.03;0.0;0.55;0.73
LlaMa 3.2 3B;Latvia;Latvian;50.0;50.0;25.74;685.5;685.5;0.0;0.0;0.66;0.66
LlaMa 3.2 3B;Liechtenstein;German;50.0;50.0;28.96;762.5;762.5;0.0;0.0;0.68;0.68
LlaMa 3.2 3B;Lithuania;Lithuanian;59.26;82.23;24.09;257.5;178.0;0.0;0.0;0.7;0.94
LlaMa 3.2 3B;Luxembourg;Luxembourgish;50.0;50.0;68.41;844.0;844.0;0.01;0.01;0.68;0.68
LlaMa 3.2 3B;Luxembourg;German;50.0;50.0;68.41;844.0;844.0;0.01;0.01;0.68;0.68
LlaMa 3.2 3B;Luxembourg;French;50.0;50.0;68.41;844.0;844.0;0.01;0.01;0.68;0.68
LlaMa 3.2 3B;Malta;Maltese;54.12;81.06;88.83;184.0;346.5;0.0;0.08;0.64;0.35
LlaMa 3.2 3B;Malta;English;54.12;81.06;88.83;184.0;346.5;0.0;0.08;0.64;0.35
LlaMa 3.2 3B;Moldova;Romanian;36.68;78.91;38.41;351.5;251.0;0.78;0.0;0.43;0.78
LlaMa 3.2 3B;Monaco;French;56.42;78.97;13.7;190.5;146.0;0.0;0.0;0.75;1.01
LlaMa 3.2 3B;Montenegro;Montenegrin;46.05;75.45;49.28;440.5;349.5;0.52;0.0;0.48;0.63
LlaMa 3.2 3B;North Macedonia;Macedonian;47.86;79.02;29.26;391.0;168.0;0.01;0.0;0.58;0.82
LlaMa 3.2 3B;North Macedonia;Albanian;47.86;79.02;29.26;391.0;168.0;0.01;0.0;0.58;0.82
LlaMa 3.2 3B;Norway;Bokmål;65.99;82.73;68.6;510.0;488.0;0.42;0.15;0.5;0.57
LlaMa 3.2 3B;Poland;Polish;53.48;79.47;20.5;354.5;221.5;0.0;0.0;0.73;0.99
LlaMa 3.2 3B;Portugal;Portuguese;70.11;82.26;66.99;476.5;515.0;0.64;0.05;0.5;0.57
LlaMa 3.2 3B;Romania;Romanian;42.93;77.3;18.63;218.0;172.0;0.0;0.0;0.52;0.94
LlaMa 3.2 3B;Russia;Russian;46.13;75.28;2.0;0.0;0.0;0.0;0.0;0.6;1.0
LlaMa 3.2 3B;San Marino;Italian;53.58;77.05;14.97;182.5;134.0;0.0;0.0;0.68;0.96
LlaMa 3.2 3B;Serbia;Serbian;42.67;78.75;35.26;461.5;189.5;0.28;0.0;0.46;0.75
LlaMa 3.2 3B;Slovakia;Slovak;58.42;83.82;27.17;248.0;111.5;0.0;0.0;0.67;0.88
LlaMa 3.2 3B;Slovenia;Slovene;65.17;82.55;50.29;420.0;292.0;0.06;0.0;0.61;0.68
LlaMa 3.2 3B;Spain;Spanish;59.22;80.47;77.97;323.5;555.0;0.0;0.73;0.5;0.48
LlaMa 3.2 3B;Sweden;Swedish;69.35;82.55;66.07;509.0;360.5;0.73;0.02;0.58;0.5
LlaMa 3.2 3B;Switzerland;Italian;63.13;80.4;50.12;360.5;372.0;0.08;0.0;0.52;0.73
LlaMa 3.2 3B;Switzerland;German;63.13;80.4;50.12;360.5;372.0;0.08;0.0;0.52;0.73
LlaMa 3.2 3B;Switzerland;French;63.13;80.4;50.12;360.5;372.0;0.08;0.0;0.52;0.73
LlaMa 3.2 3B;Turkey;Turkish;35.23;78.78;4.75;70.0;52.0;0.0;0.0;0.47;1.06
LlaMa 3.2 3B;Ukraine;Ukrainian;45.96;78.4;18.76;228.5;149.0;0.0;0.0;0.6;0.95
LlaMa 3.2 3B;United Kingdom;English;45.58;79.85;45.65;719.5;293.0;0.67;0.0;0.52;0.67
LlaMa 3.1 8B;Albania;Albanian;47.85;81.81;35.45;579.5;239.0;0.11;0.0;0.66;0.81
LlaMa 3.1 8B;Andorra;Catalan;48.93;84.12;43.0;542.5;187.0;0.36;0.0;0.61;0.73
LlaMa 3.1 8B;Armenia;Armenian;35.36;75.34;9.16;166.5;74.0;0.0;0.0;0.48;0.97
LlaMa 3.1 8B;Austria;German;50.0;50.0;53.98;1286.0;1286.0;0.72;0.72;0.68;0.68
LlaMa 3.1 8B;Azerbaijan;Azerbaijani;50.0;50.0;2.25;52.5;52.5;0.0;0.0;0.68;0.68
LlaMa 3.1 8B;Belarus;Belarusian;27.45;74.25;10.16;90.0;96.0;0.0;0.0;0.33;0.96
LlaMa 3.1 8B;Belarus;Russian;27.45;74.25;10.16;90.0;96.0;0.0;0.0;0.33;0.96
LlaMa 3.1 8B;Belgium;Dutch;50.0;50.0;85.31;337.0;337.0;0.0;0.0;0.68;0.68
LlaMa 3.1 8B;Belgium;German;50.0;50.0;85.31;337.0;337.0;0.0;0.0;0.68;0.68
LlaMa 3.1 8B;Belgium;French;50.0;50.0;85.31;337.0;337.0;0.0;0.0;0.68;0.68
LlaMa 3.1 8B;Bosnia & Herzegovina;Bosnian;46.8;78.54;39.63;426.5;155.0;0.3;0.0;0.45;0.65
LlaMa 3.1 8B;Bosnia & Herzegovina;Serbian;46.8;78.54;39.63;426.5;155.0;0.3;0.0;0.45;0.65
LlaMa 3.1 8B;Bosnia & Herzegovina;Croatian;46.8;78.54;39.63;426.5;155.0;0.3;0.0;0.45;0.65
LlaMa 3.1 8B;Bulgaria;Bulgarian;50.25;79.6;21.26;215.5;80.0;0.0;0.0;0.58;0.88
LlaMa 3.1 8B;Croatia;Croatian;69.89;82.36;49.14;374.5;266.5;0.0;0.0;0.6;0.67
LlaMa 3.1 8B;Cyprus;Modern Greek;51.39;77.42;33.69;581.0;248.5;0.03;0.0;0.71;0.79
LlaMa 3.1 8B;Cyprus;Greek;51.39;77.42;33.69;581.0;248.5;0.03;0.0;0.71;0.79
LlaMa 3.1 8B;Cyprus;Turkish;51.39;77.42;33.69;581.0;248.5;0.03;0.0;0.71;0.79
LlaMa 3.1 8B;Czechia;Czech;74.14;81.4;33.17;286.5;225.0;0.0;0.0;0.88;0.85
LlaMa 3.1 8B;Denmark;Danish;78.84;80.29;80.1;312.5;539.0;0.75;0.79;0.35;0.38
LlaMa 3.1 8B;Estonia;Estonian;69.06;82.83;45.91;349.5;265.5;0.01;0.0;0.7;0.72
LlaMa 3.1 8B;Finland;Swedish;77.92;80.46;69.85;294.5;446.5;0.18;0.15;0.45;0.48
LlaMa 3.1 8B;Finland;Finnish;77.92;80.46;69.85;294.5;446.5;0.18;0.15;0.45;0.48
LlaMa 3.1 8B;France;French;70.77;82.3;61.38;502.5;464.5;0.27;0.02;0.61;0.57
LlaMa 3.1 8B;Georgia;Georgian;45.61;79.98;11.88;210.0;95.0;0.0;0.0;0.64;1.02
LlaMa 3.1 8B;Germany;German;50.0;50.0;69.1;822.0;822.0;0.0;0.0;0.63;0.63
LlaMa 3.1 8B;Greece;Modern Greek;56.08;80.04;69.18;388.5;507.5;0.1;0.21;0.58;0.49
LlaMa 3.1 8B;Greece;Greek;56.08;80.04;69.18;388.5;507.5;0.1;0.21;0.58;0.49
LlaMa 3.1 8B;Hungary;Hungarian;50.0;50.0;22.7;654.5;654.5;0.0;0.0;0.67;0.67
LlaMa 3.1 8B;Iceland;Icelandic;50.0;50.0;84.06;436.0;436.0;0.0;0.0;0.68;0.68
LlaMa 3.1 8B;Ireland;Irish;50.0;50.0;62.84;984.5;984.5;0.04;0.04;0.68;0.68
LlaMa 3.1 8B;Ireland;English;50.0;50.0;62.84;984.5;984.5;0.04;0.04;0.68;0.68
LlaMa 3.1 8B;Italy;Italian;67.64;80.35;24.41;370.5;178.5;0.0;0.0;0.9;0.93
LlaMa 3.1 8B;Netherlands;Dutch;50.0;50.0;63.82;985.5;985.5;0.04;0.04;0.68;0.68
LlaMa 3.1 8B;Kosovo;Serbian;47.69;79.53;34.82;644.5;182.0;0.07;0.0;0.66;0.77
LlaMa 3.1 8B;Kosovo;Albanian;47.69;79.53;34.82;644.5;182.0;0.07;0.0;0.66;0.77
LlaMa 3.1 8B;Latvia;Latvian;50.0;50.0;25.74;685.5;685.5;0.0;0.0;0.66;0.66
LlaMa 3.1 8B;Liechtenstein;German;50.0;50.0;28.96;762.5;762.5;0.0;0.0;0.68;0.68
LlaMa 3.1 8B;Lithuania;Lithuanian;64.07;83.73;24.09;239.5;93.0;0.0;0.0;0.76;0.9
LlaMa 3.1 8B;Luxembourg;Luxembourgish;50.0;50.0;68.41;844.0;844.0;0.01;0.01;0.68;0.68
LlaMa 3.1 8B;Luxembourg;German;50.0;50.0;68.41;844.0;844.0;0.01;0.01;0.68;0.68
LlaMa 3.1 8B;Luxembourg;French;50.0;50.0;68.41;844.0;844.0;0.01;0.01;0.68;0.68
LlaMa 3.1 8B;Malta;Maltese;66.65;81.58;88.83;264.5;347.5;0.0;0.09;0.51;0.33
LlaMa 3.1 8B;Malta;English;66.65;81.58;88.83;264.5;347.5;0.0;0.09;0.51;0.33
LlaMa 3.1 8B;Moldova;Romanian;33.92;76.33;38.41;611.0;285.5;0.63;0.0;0.54;0.74
LlaMa 3.1 8B;Monaco;French;56.14;80.21;13.7;248.0;62.5;0.0;0.0;0.79;0.97
LlaMa 3.1 8B;Montenegro;Montenegrin;47.03;80.03;49.28;649.0;319.5;0.72;0.0;0.58;0.63
LlaMa 3.1 8B;North Macedonia;Macedonian;51.38;80.92;29.26;468.0;134.0;0.0;0.0;0.69;0.82
LlaMa 3.1 8B;North Macedonia;Albanian;51.38;80.92;29.26;468.0;134.0;0.0;0.0;0.69;0.82
LlaMa 3.1 8B;Norway;Bokmål;77.1;81.68;68.6;444.0;503.5;0.41;0.13;0.54;0.5
LlaMa 3.1 8B;Poland;Polish;64.58;79.97;20.5;299.5;150.0;0.0;0.0;0.87;0.95
LlaMa 3.1 8B;Portugal;Portuguese;72.05;82.56;66.99;501.5;391.5;0.51;0.03;0.5;0.51
LlaMa 3.1 8B;Romania;Romanian;55.09;81.09;18.63;267.0;80.0;0.0;0.0;0.73;0.94
LlaMa 3.1 8B;Russia;Russian;51.8;77.19;2.0;0.0;27.0;0.0;0.0;0.68;1.05
LlaMa 3.1 8B;San Marino;Italian;49.67;79.89;14.97;272.0;45.0;0.0;0.0;0.7;0.93
LlaMa 3.1 8B;Serbia;Serbian;48.7;78.76;35.26;373.0;186.0;0.04;0.0;0.51;0.73
LlaMa 3.1 8B;Slovakia;Slovak;59.95;80.75;27.17;256.5;93.5;0.0;0.0;0.69;0.83
LlaMa 3.1 8B;Slovenia;Slovene;71.67;83.64;50.29;437.0;285.0;0.01;0.0;0.71;0.69
LlaMa 3.1 8B;Spain;Spanish;75.58;82.37;77.97;412.0;519.0;0.62;0.81;0.42;0.42
LlaMa 3.1 8B;Sweden;Swedish;78.5;82.22;66.07;299.5;311.5;0.09;0.01;0.52;0.49
LlaMa 3.1 8B;Switzerland;Italian;76.64;82.96;50.12;279.0;337.0;0.0;0.0;0.67;0.7
LlaMa 3.1 8B;Switzerland;German;76.64;82.96;50.12;279.0;337.0;0.0;0.0;0.67;0.7
LlaMa 3.1 8B;Switzerland;French;76.64;82.96;50.12;279.0;337.0;0.0;0.0;0.67;0.7
LlaMa 3.1 8B;Turkey;Turkish;47.38;74.74;4.75;87.5;53.5;0.0;0.0;0.66;1.0
LlaMa 3.1 8B;Ukraine;Ukrainian;50.81;82.97;18.76;292.5;89.0;0.0;0.0;0.67;0.95
LlaMa 3.1 8B;United Kingdom;English;75.02;81.56;45.65;205.5;224.0;0.0;0.0;0.61;0.69
LlaMa 3.1 70B;Albania;Albanian;47.44;93.1;35.45;271.5;18.0;0.04;0.0;0.46;0.82
LlaMa 3.1 70B;Andorra;Catalan;50.18;91.39;43.0;268.0;49.0;0.21;0.0;0.33;0.73
LlaMa 3.1 70B;Armenia;Armenian;10.37;85.89;9.16;99.0;48.0;0.57;0.0;0.23;1.1
LlaMa 3.1 70B;Austria;German;50.0;50.0;53.98;1286.0;1286.0;0.72;0.72;0.68;0.68
LlaMa 3.1 70B;Azerbaijan;Azerbaijani;50.0;50.0;2.25;52.5;52.5;0.0;0.0;0.68;0.68
LlaMa 3.1 70B;Belarus;Belarusian;7.35;88.66;10.16;26.0;27.0;0.53;0.0;0.11;1.11
LlaMa 3.1 70B;Belarus;Russian;7.35;88.66;10.16;26.0;27.0;0.53;0.0;0.11;1.11
LlaMa 3.1 70B;Belgium;Dutch;50.0;50.0;85.31;337.0;337.0;0.0;0.0;0.68;0.68
LlaMa 3.1 70B;Belgium;German;50.0;50.0;85.31;337.0;337.0;0.0;0.0;0.68;0.68
LlaMa 3.1 70B;Belgium;French;50.0;50.0;85.31;337.0;337.0;0.0;0.0;0.68;0.68
LlaMa 3.1 70B;Bosnia & Herzegovina;Bosnian;17.99;92.3;39.63;196.5;39.0;0.0;0.0;0.51;0.77
LlaMa 3.1 70B;Bosnia & Herzegovina;Serbian;17.99;92.3;39.63;196.5;39.0;0.0;0.0;0.51;0.77
LlaMa 3.1 70B;Bosnia & Herzegovina;Croatian;17.99;92.3;39.63;196.5;39.0;0.0;0.0;0.51;0.77
LlaMa 3.1 70B;Bulgaria;Bulgarian;21.59;92.25;21.26;361.0;35.0;0.89;0.0;0.42;1.02
LlaMa 3.1 70B;Croatia;Croatian;50.85;92.83;49.14;451.0;62.5;0.61;0.0;0.46;0.68
LlaMa 3.1 70B;Cyprus;Modern Greek;59.31;92.07;33.69;179.0;62.5;0.0;0.0;0.52;0.9
LlaMa 3.1 70B;Cyprus;Greek;59.31;92.07;33.69;179.0;62.5;0.0;0.0;0.52;0.9
LlaMa 3.1 70B;Cyprus;Turkish;59.31;92.07;33.69;179.0;62.5;0.0;0.0;0.52;0.9
LlaMa 3.1 70B;Czechia;Czech;45.0;92.86;33.17;299.0;48.0;0.09;0.0;0.5;0.9
LlaMa 3.1 70B;Denmark;Danish;82.53;92.31;80.1;117.5;82.0;0.53;0.01;0.21;0.28
LlaMa 3.1 70B;Estonia;Estonian;53.32;92.86;45.91;424.5;64.0;0.29;0.0;0.62;0.74
LlaMa 3.1 70B;Finland;Swedish;75.18;93.17;69.85;234.0;71.5;0.41;0.0;0.38;0.44
LlaMa 3.1 70B;Finland;Finnish;75.18;93.17;69.85;234.0;71.5;0.41;0.0;0.38;0.44
LlaMa 3.1 70B;France;French;72.73;92.61;61.38;177.0;86.5;0.1;0.0;0.4;0.55
LlaMa 3.1 70B;Georgia;Georgian;16.38;93.2;11.88;162.0;29.5;0.52;0.0;0.38;1.15
LlaMa 3.1 70B;Germany;German;50.0;50.0;69.1;822.0;822.0;0.0;0.0;0.63;0.63
LlaMa 3.1 70B;Greece;Modern Greek;50.25;93.02;69.18;201.0;43.5;0.0;0.0;0.48;0.41
LlaMa 3.1 70B;Greece;Greek;50.25;93.02;69.18;201.0;43.5;0.0;0.0;0.48;0.41
LlaMa 3.1 70B;Hungary;Hungarian;50.0;50.0;22.7;654.5;654.5;0.0;0.0;0.67;0.67
LlaMa 3.1 70B;Iceland;Icelandic;50.0;50.0;84.06;436.0;436.0;0.0;0.0;0.68;0.68
LlaMa 3.1 70B;Ireland;Irish;50.0;50.0;62.84;984.5;984.5;0.04;0.04;0.68;0.68
LlaMa 3.1 70B;Ireland;English;50.0;50.0;62.84;984.5;984.5;0.04;0.04;0.68;0.68
LlaMa 3.1 70B;Italy;Italian;38.27;91.89;24.41;213.0;40.0;0.01;0.0;0.4;1.0
LlaMa 3.1 70B;Netherlands;Dutch;50.0;50.0;63.82;985.5;985.5;0.04;0.04;0.68;0.68
LlaMa 3.1 70B;Kosovo;Serbian;37.17;93.31;34.82;499.5;27.0;0.65;0.0;0.51;0.86
LlaMa 3.1 70B;Kosovo;Albanian;37.17;93.31;34.82;499.5;27.0;0.65;0.0;0.51;0.86
LlaMa 3.1 70B;Latvia;Latvian;50.0;50.0;25.74;685.5;685.5;0.0;0.0;0.66;0.66
LlaMa 3.1 70B;Liechtenstein;German;50.0;50.0;28.96;762.5;762.5;0.0;0.0;0.68;0.68
LlaMa 3.1 70B;Lithuania;Lithuanian;50.0;50.0;24.09;669.5;669.5;0.0;0.0;0.68;0.68
LlaMa 3.1 70B;Luxembourg;Luxembourgish;50.0;50.0;68.41;844.0;844.0;0.01;0.01;0.68;0.68
LlaMa 3.1 70B;Luxembourg;German;50.0;50.0;68.41;844.0;844.0;0.01;0.01;0.68;0.68
LlaMa 3.1 70B;Luxembourg;French;50.0;50.0;68.41;844.0;844.0;0.01;0.01;0.68;0.68
LlaMa 3.1 70B;Malta;Maltese;50.0;50.0;88.83;292.5;292.5;0.0;0.0;0.68;0.68
LlaMa 3.1 70B;Malta;English;50.0;50.0;88.83;292.5;292.5;0.0;0.0;0.68;0.68
LlaMa 3.1 70B;Moldova;Romanian;50.0;50.0;38.41;1082.0;1082.0;0.14;0.14;0.68;0.68
LlaMa 3.1 70B;Monaco;French;50.0;50.0;13.7;352.5;352.5;0.0;0.0;0.67;0.67
LlaMa 3.1 70B;Montenegro;Montenegrin;50.0;50.0;49.28;1342.0;1342.0;0.96;0.96;0.66;0.66
LlaMa 3.1 70B;North Macedonia;Macedonian;50.0;50.0;29.26;792.5;792.5;0.0;0.0;0.68;0.68
LlaMa 3.1 70B;North Macedonia;Albanian;50.0;50.0;29.26;792.5;792.5;0.0;0.0;0.68;0.68
LlaMa 3.1 70B;Norway;Bokmål;50.0;50.0;68.6;849.0;849.0;0.01;0.01;0.68;0.68
LlaMa 3.1 70B;Poland;Polish;50.0;50.0;20.5;522.0;522.0;0.0;0.0;0.68;0.68
LlaMa 3.1 70B;Portugal;Portuguese;50.0;50.0;66.99;882.5;882.5;0.01;0.01;0.68;0.68
DeepSeek-V3.2;Albania;Albanian;28.28;82.18;35.45;210.5;64.0;0.32;0.0;0.49;0.72
DeepSeek-V3.2;Andorra;Catalan;58.0;91.11;43.0;149.5;104.5;0.03;0.0;0.48;0.8
DeepSeek-V3.2;Armenia;Armenian;9.79;75.87;9.16;79.0;51.0;0.52;0.0;0.19;0.97
DeepSeek-V3.2;Austria;German;75.67;85.75;53.98;284.5;327.5;0.01;0.0;0.65;0.63
DeepSeek-V3.2;Azerbaijan;Azerbaijani;12.39;69.26;2.25;15.0;3.0;0.0;0.0;0.16;0.92
DeepSeek-V3.2;Belarus;Belarusian;7.08;54.47;10.16;50.0;169.0;0.57;0.0;0.2;0.71
DeepSeek-V3.2;Belarus;Russian;7.08;54.47;10.16;50.0;169.0;0.57;0.0;0.2;0.71
DeepSeek-V3.2;Belgium;Dutch;80.81;86.59;85.31;143.5;295.5;0.27;0.97;0.27;0.27
DeepSeek-V3.2;Belgium;German;80.81;86.59;85.31;143.5;295.5;0.27;0.97;0.27;0.27
DeepSeek-V3.2;Belgium;French;80.81;86.59;85.31;143.5;295.5;0.27;0.97;0.27;0.27
DeepSeek-V3.2;Bosnia & Herzegovina;Bosnian;10.79;82.89;39.63;11.0;100.5;0.0;0.0;0.41;0.68
DeepSeek-V3.2;Bosnia & Herzegovina;Serbian;10.79;82.89;39.63;11.0;100.5;0.0;0.0;0.41;0.68
DeepSeek-V3.2;Bosnia & Herzegovina;Croatian;10.79;82.89;39.63;11.0;100.5;0.0;0.0;0.41;0.68
DeepSeek-V3.2;Bulgaria;Bulgarian;20.95;80.64;21.26;183.5;21.0;0.89;0.0;0.38;0.84
DeepSeek-V3.2;Croatia;Croatian;53.05;84.78;49.14;378.5;181.5;0.67;0.0;0.6;0.67
DeepSeek-V3.2;Cyprus;Modern Greek;55.91;87.05;33.69;214.5;93.0;0.0;0.0;0.58;0.84
DeepSeek-V3.2;Cyprus;Greek;55.91;87.05;33.69;214.5;93.0;0.0;0.0;0.58;0.84
DeepSeek-V3.2;Cyprus;Turkish;55.91;87.05;33.69;214.5;93.0;0.0;0.0;0.58;0.84
DeepSeek-V3.2;Czechia;Czech;46.68;88.92;33.17;246.0;89.0;0.11;0.0;0.55;0.87
DeepSeek-V3.2;Denmark;Danish;64.24;87.32;80.1;98.5;196.0;0.03;0.2;0.44;0.3
DeepSeek-V3.2;Estonia;Estonian;61.36;89.67;45.91;208.0;148.0;0.03;0.0;0.52;0.78
DeepSeek-V3.2;Finland;Swedish;65.1;87.26;69.85;232.0;214.0;0.55;0.02;0.57;0.47
DeepSeek-V3.2;Finland;Finnish;65.1;87.26;69.85;232.0;214.0;0.55;0.02;0.57;0.47
DeepSeek-V3.2;France;French;57.84;86.43;61.38;282.5;238.0;0.59;0.0;0.53;0.59
DeepSeek-V3.2;Georgia;Georgian;7.48;81.86;11.88;73.0;48.5;0.37;0.0;0.23;1.01
DeepSeek-V3.2;Germany;German;77.63;83.77;69.1;245.5;357.5;0.17;0.03;0.38;0.45
DeepSeek-V3.2;Greece;Modern Greek;50.91;86.75;69.18;182.5;216.0;0.02;0.02;0.53;0.44
DeepSeek-V3.2;Greece;Greek;50.91;86.75;69.18;182.5;216.0;0.02;0.02;0.53;0.44
DeepSeek-V3.2;Hungary;Hungarian;31.74;71.82;22.7;228.5;204.0;0.06;0.0;0.44;0.85
DeepSeek-V3.2;Iceland;Icelandic;85.06;83.79;84.06;104.5;375.5;0.99;0.48;0.28;0.34
DeepSeek-V3.2;Ireland;Irish;69.69;85.58;62.84;271.0;338.5;0.33;0.0;0.47;0.56
DeepSeek-V3.2;Ireland;English;69.69;85.58;62.84;271.0;338.5;0.33;0.0;0.47;0.56
DeepSeek-V3.2;Italy;Italian;32.23;86.0;24.41;380.0;128.5;0.37;0.0;0.53;0.98
DeepSeek-V3.2;Netherlands;Dutch;85.3;85.47;63.82;83.5;280.0;0.0;0.0;0.45;0.51
DeepSeek-V3.2;Kosovo;Serbian;38.88;87.03;34.82;272.0;49.5;0.66;0.0;0.49;0.78
DeepSeek-V3.2;Kosovo;Albanian;38.88;87.03;34.82;272.0;49.5;0.66;0.0;0.49;0.78
DeepSeek-V3.2;Latvia;Latvian;47.43;84.09;25.74;288.0;109.0;0.01;0.0;0.63;0.91
DeepSeek-V3.2;Liechtenstein;German;60.46;86.62;28.96;116.5;136.5;0.0;0.0;0.58;0.91
DeepSeek-V3.2;Lithuania;Lithuanian;22.59;79.33;24.09;248.0;111.5;0.76;0.0;0.44;0.87
DeepSeek-V3.2;Luxembourg;Luxembourgish;84.41;86.79;68.41;82.5;209.0;0.01;0.01;0.34;0.47
DeepSeek-V3.2;Luxembourg;German;84.41;86.79;68.41;82.5;209.0;0.01;0.01;0.34;0.47
DeepSeek-V3.2;Luxembourg;French;84.41;86.79;68.41;82.5;209.0;0.01;0.01;0.34;0.47
DeepSeek-V3.2;Malta;Maltese;81.57;88.78;88.83;72.0;194.5;0.22;0.85;0.3;0.27
DeepSeek-V3.2;Malta;English;81.57;88.78;88.83;72.0;194.5;0.22;0.85;0.3;0.27
DeepSeek-V3.2;Moldova;Romanian;35.85;80.53;38.41;323.5;152.5;0.67;0.0;0.51;0.73
DeepSeek-V3.2;Monaco;French;9.01;68.76;13.7;48.0;110.5;0.3;0.0;0.22;0.84
DeepSeek-V3.2;Montenegro;Montenegrin;48.02;88.25;49.28;233.0;61.0;0.77;0.0;0.45;0.61
DeepSeek-V3.2;North Macedonia;Macedonian;34.12;83.88;29.26;275.5;53.5;0.71;0.0;0.48;0.81
DeepSeek-V3.2;North Macedonia;Albanian;34.12;83.88;29.26;275.5;53.5;0.71;0.0;0.48;0.81
DeepSeek-V3.2;Norway;Bokmål;75.99;89.22;68.6;205.0;180.0;0.4;0.01;0.48;0.47
DeepSeek-V3.2;Poland;Polish;11.17;74.28;20.5;96.0;200.0;0.07;0.0;0.38;0.92
DeepSeek-V3.2;Portugal;Portuguese;72.39;87.5;66.99;230.0;180.0;0.37;0.0;0.42;0.53
DeepSeek-V3.2;Romania;Romanian;20.96;84.98;18.63;210.0;44.0;0.87;0.0;0.41;0.96
DeepSeek-V3.2;Russia;Russian;6.57;47.08;2.0;11.0;49.5;0.05;0.0;0.12;0.64
DeepSeek-V3.2;San Marino;Italian;40.2;90.36;14.97;83.0;23.0;0.0;0.0;0.49;1.06
DeepSeek-V3.2;Serbia;Serbian;37.15;81.87;35.26;174.5;61.5;0.73;0.0;0.37;0.7
DeepSeek-V3.2;Slovakia;Slovak;23.64;77.66;27.17;169.0;91.5;0.44;0.0;0.38;0.8
DeepSeek-V3.2;Slovenia;Slovene;58.61;90.86;50.29;256.5;112.0;0.23;0.0;0.51;0.7
DeepSeek-V3.2;Spain;Spanish;76.93;87.58;77.97;270.0;256.5;0.85;0.23;0.49;0.36
DeepSeek-V3.2;Sweden;Swedish;74.98;89.38;66.07;191.5;145.0;0.27;0.0;0.54;0.5
DeepSeek-V3.2;Switzerland;Italian;53.91;87.79;50.12;345.0;198.0;0.71;0.0;0.55;0.75
DeepSeek-V3.2;Switzerland;German;53.91;87.79;50.12;345.0;198.0;0.71;0.0;0.55;0.75
DeepSeek-V3.2;Switzerland;French;53.91;87.79;50.12;345.0;198.0;0.71;0.0;0.55;0.75
DeepSeek-V3.2;Turkey;Turkish;7.95;66.9;4.75;37.5;76.0;0.34;0.0;0.16;0.92
DeepSeek-V3.2;Ukraine;Ukrainian;20.56;83.24;18.76;279.0;74.5;0.98;0.0;0.46;0.96
DeepSeek-V3.2;United Kingdom;English;56.61;86.62;45.65;272.5;117.5;0.06;0.0;0.48;0.68
Sonnet 4.6;Albania;Albanian;19.33;77.61;35.45;123.0;35.0;0.02;0.0;0.52;0.63
Sonnet 4.6;Andorra;Catalan;41.45;86.1;43.0;76.5;47.0;0.69;0.0;0.28;0.67
Sonnet 4.6;Armenia;Armenian;6.06;68.53;9.16;21.0;111.5;0.51;0.0;0.15;0.92
Sonnet 4.6;Austria;German;38.91;91.81;53.98;173.5;81.0;0.03;0.0;0.49;0.63
Sonnet 4.6;Azerbaijan;Azerbaijani;2.88;65.73;2.25;9.0;4.0;0.75;0.0;0.06;0.88
Sonnet 4.6;Belarus;Belarusian;3.76;66.01;10.16;9.0;85.5;0.11;0.0;0.12;0.85
Sonnet 4.6;Belarus;Russian;3.76;66.01;10.16;9.0;85.5;0.11;0.0;0.12;0.85
Sonnet 4.6;Belgium;Dutch;64.99;91.22;85.31;29.5;100.5;0.0;0.16;0.38;0.24
Sonnet 4.6;Belgium;German;64.99;91.22;85.31;29.5;100.5;0.0;0.16;0.38;0.24
Sonnet 4.6;Belgium;French;64.99;91.22;85.31;29.5;100.5;0.0;0.16;0.38;0.24
Sonnet 4.6;Bosnia & Herzegovina;Bosnian;10.16;78.42;39.63;42.0;68.5;0.0;0.0;0.47;0.61
Sonnet 4.6;Bosnia & Herzegovina;Serbian;10.16;78.42;39.63;42.0;68.5;0.0;0.0;0.47;0.61
Sonnet 4.6;Bosnia & Herzegovina;Croatian;10.16;78.42;39.63;42.0;68.5;0.0;0.0;0.47;0.61
Sonnet 4.6;Bulgaria;Bulgarian;10.12;76.12;21.26;45.0;57.0;0.04;0.0;0.29;0.82
Sonnet 4.6;Croatia;Croatian;36.55;80.77;49.14;89.0;146.5;0.08;0.0;0.44;0.65
Sonnet 4.6;Cyprus;Modern Greek;24.87;80.63;33.69;139.5;80.5;0.15;0.0;0.43;0.75
Sonnet 4.6;Cyprus;Greek;24.87;80.63;33.69;139.5;80.5;0.15;0.0;0.43;0.75
Sonnet 4.6;Cyprus;Turkish;24.87;80.63;33.69;139.5;80.5;0.15;0.0;0.43;0.75
Sonnet 4.6;Czechia;Czech;27.36;85.67;33.17;82.0;71.0;0.39;0.0;0.32;0.81
Sonnet 4.6;Denmark;Danish;49.16;90.54;80.1;21.5;107.0;0.0;0.05;0.5;0.31
Sonnet 4.6;Estonia;Estonian;28.34;87.77;45.91;62.0;104.0;0.01;0.0;0.37;0.71
Sonnet 4.6;Finland;Swedish;60.47;89.14;69.85;75.0;122.0;0.09;0.01;0.34;0.45
Sonnet 4.6;Finland;Finnish;60.47;89.14;69.85;75.0;122.0;0.09;0.01;0.34;0.45
Sonnet 4.6;France;French;54.03;88.89;61.38;35.0;94.5;0.27;0.0;0.27;0.52
Sonnet 4.6;Georgia;Georgian;6.55;77.26;11.88;50.5;49.0;0.22;0.0;0.25;0.95
Sonnet 4.6;Germany;German;50.51;92.52;69.1;103.0;102.5;0.0;0.0;0.42;0.44
Sonnet 4.6;Greece;Modern Greek;36.41;84.44;69.18;24.0;97.5;0.0;0.01;0.51;0.35
Sonnet 4.6;Greece;Greek;36.41;84.44;69.18;24.0;97.5;0.0;0.01;0.51;0.35
Sonnet 4.6;Hungary;Hungarian;9.18;75.43;22.7;20.0;95.5;0.02;0.0;0.28;0.82
Sonnet 4.6;Iceland;Icelandic;65.3;92.19;84.06;53.0;101.0;0.01;0.16;0.42;0.28
Sonnet 4.6;Ireland;Irish;53.57;88.67;62.84;73.0;90.0;0.08;0.0;0.39;0.49
Sonnet 4.6;Ireland;English;53.57;88.67;62.84;73.0;90.0;0.08;0.0;0.39;0.49
Sonnet 4.6;Italy;Italian;23.61;84.31;24.41;119.5;57.0;0.82;0.0;0.3;0.9
Sonnet 4.6;Netherlands;Dutch;58.55;91.81;63.82;156.0;43.5;0.43;0.0;0.46;0.47
Sonnet 4.6;Kosovo;Serbian;25.46;79.8;34.82;87.0;54.0;0.12;0.0;0.37;0.7
Sonnet 4.6;Kosovo;Albanian;25.46;79.8;34.82;87.0;54.0;0.12;0.0;0.37;0.7
Sonnet 4.6;Latvia;Latvian;14.52;80.64;25.74;56.5;114.0;0.04;0.0;0.35;0.9
Sonnet 4.6;Liechtenstein;German;25.85;88.17;28.96;99.0;58.5;0.57;0.0;0.4;0.89
Sonnet 4.6;Lithuania;Lithuanian;8.38;81.75;24.09;23.5;29.5;0.0;0.0;0.32;0.83
Sonnet 4.6;Luxembourg;Luxembourgish;60.03;89.55;68.41;43.0;97.5;0.11;0.0;0.29;0.46
Sonnet 4.6;Luxembourg;German;60.03;89.55;68.41;43.0;97.5;0.11;0.0;0.29;0.46
Sonnet 4.6;Luxembourg;French;60.03;89.55;68.41;43.0;97.5;0.11;0.0;0.29;0.46
Sonnet 4.6;Malta;Maltese;75.28;90.19;88.83;75.0;121.5;0.05;0.61;0.35;0.23
Sonnet 4.6;Malta;English;75.28;90.19;88.83;75.0;121.5;0.05;0.61;0.35;0.23
Sonnet 4.6;Moldova;Romanian;8.68;77.23;38.41;26.0;88.0;0.0;0.0;0.5;0.65
Sonnet 4.6;Monaco;French;8.85;77.03;13.7;28.0;62.5;0.22;0.0;0.19;0.93
Sonnet 4.6;Montenegro;Montenegrin;30.66;80.97;49.28;125.0;106.0;0.02;0.0;0.52;0.57
Sonnet 4.6;North Macedonia;Macedonian;17.48;80.18;29.26;83.5;48.5;0.06;0.0;0.4;0.77
Sonnet 4.6;North Macedonia;Albanian;17.48;80.18;29.26;83.5;48.5;0.06;0.0;0.4;0.77
Sonnet 4.6;Norway;Bokmål;62.1;91.39;68.6;101.0;107.5;0.26;0.0;0.35;0.48
Sonnet 4.6;Poland;Polish;10.84;82.48;20.5;36.5;59.0;0.06;0.0;0.25;0.93
Sonnet 4.6;Portugal;Portuguese;62.31;88.56;66.99;160.5;116.0;0.49;0.0;0.42;0.48
Sonnet 4.6;Romania;Romanian;18.11;80.66;18.63;84.0;32.0;0.95;0.0;0.23;0.9
Sonnet 4.6;Russia;Russian;8.91;61.74;2.0;11.0;47.0;0.05;0.0;0.15;0.85
Sonnet 4.6;San Marino;Italian;24.97;83.05;14.97;60.5;14.0;0.1;0.0;0.33;0.95
Sonnet 4.6;Serbia;Serbian;20.25;80.81;35.26;14.5;25.0;0.0;0.0;0.27;0.67
Sonnet 4.6;Slovakia;Slovak;10.43;81.61;27.17;31.0;45.5;0.0;0.0;0.34;0.81
Sonnet 4.6;Slovenia;Slovene;40.49;86.72;50.29;60.5;92.0;0.1;0.0;0.31;0.66
Sonnet 4.6;Spain;Spanish;63.48;90.04;77.97;67.5;143.0;0.05;0.04;0.42;0.37
Sonnet 4.6;Sweden;Swedish;58.75;89.09;66.07;40.0;111.5;0.15;0.0;0.28;0.48
Sonnet 4.6;Switzerland;Italian;36.2;91.77;50.12;43.5;45.5;0.01;0.0;0.31;0.68
Sonnet 4.6;Switzerland;German;36.2;91.77;50.12;43.5;45.5;0.01;0.0;0.31;0.68
Sonnet 4.6;Switzerland;French;36.2;91.77;50.12;43.5;45.5;0.01;0.0;0.31;0.68
Sonnet 4.6;Turkey;Turkish;4.86;77.36;4.75;12.0;44.5;0.74;0.0;0.07;1.04
Sonnet 4.6;Ukraine;Ukrainian;8.63;81.04;18.76;19.0;54.5;0.02;0.0;0.22;0.93
Sonnet 4.6;United Kingdom;English;54.07;87.69;45.65;207.5;79.5;0.19;0.0;0.46;0.67
GPT 5.4;Albania;Albanian;50.3;90.37;35.45;158.0;43.0;0.03;0.0;0.43;0.81
GPT 5.4;Andorra;Catalan;71.48;90.72;43.0;55.0;45.5;0.0;0.0;0.48;0.73
GPT 5.4;Armenia;Armenian;28.47;91.96;9.16;58.0;40.0;0.0;0.0;0.37;1.19
GPT 5.4;Austria;German;65.17;91.66;53.98;280.5;74.0;0.19;0.0;0.52;0.63
GPT 5.4;Azerbaijan;Azerbaijani;12.38;86.41;2.25;15.0;0.0;0.01;0.0;0.18;1.15
GPT 5.4;Belarus;Belarusian;11.68;88.34;10.16;20.0;36.5;0.44;0.0;0.1;1.12
GPT 5.4;Belarus;Russian;11.68;88.34;10.16;20.0;36.5;0.44;0.0;0.1;1.12
GPT 5.4;Belgium;Dutch;79.5;91.09;85.31;96.5;118.0;0.33;0.23;0.24;0.27
GPT 5.4;Belgium;German;79.5;91.09;85.31;96.5;118.0;0.33;0.23;0.24;0.27
GPT 5.4;Belgium;French;79.5;91.09;85.31;96.5;118.0;0.33;0.23;0.24;0.27
GPT 5.4;Bosnia & Herzegovina;Bosnian;43.04;91.87;39.63;185.5;50.0;0.69;0.0;0.45;0.78
GPT 5.4;Bosnia & Herzegovina;Serbian;43.04;91.87;39.63;185.5;50.0;0.69;0.0;0.45;0.78
GPT 5.4;Bosnia & Herzegovina;Croatian;43.04;91.87;39.63;185.5;50.0;0.69;0.0;0.45;0.78
GPT 5.4;Bulgaria;Bulgarian;29.91;91.36;21.26;145.0;42.0;0.12;0.0;0.34;1.01
GPT 5.4;Croatia;Croatian;57.29;91.59;49.14;194.0;57.5;0.19;0.0;0.43;0.67
GPT 5.4;Cyprus;Modern Greek;54.4;90.88;33.69;173.5;67.0;0.01;0.0;0.53;0.88
GPT 5.4;Cyprus;Greek;54.4;90.88;33.69;173.5;67.0;0.01;0.0;0.53;0.88
GPT 5.4;Cyprus;Turkish;54.4;90.88;33.69;173.5;67.0;0.01;0.0;0.53;0.88
GPT 5.4;Czechia;Czech;44.41;91.0;33.17;152.5;59.0;0.1;0.0;0.41;0.87
GPT 5.4;Denmark;Danish;66.27;91.45;80.1;81.5;112.0;0.03;0.04;0.35;0.33
GPT 5.4;Estonia;Estonian;55.4;93.79;45.91;171.0;49.5;0.13;0.0;0.41;0.74
GPT 5.4;Finland;Swedish;67.11;91.44;69.85;113.5;88.0;0.67;0.0;0.3;0.45
GPT 5.4;Finland;Finnish;67.11;91.44;69.85;113.5;88.0;0.67;0.0;0.3;0.45
GPT 5.4;France;French;72.31;90.78;61.38;95.0;81.5;0.12;0.0;0.37;0.53
GPT 5.4;Georgia;Georgian;54.13;92.84;11.88;92.0;28.0;0.0;0.0;0.7;1.15
GPT 5.4;Germany;German;65.89;92.06;69.1;190.0;108.0;0.55;0.0;0.28;0.44
GPT 5.4;Greece;Modern Greek;71.29;91.05;69.18;252.0;63.0;0.82;0.0;0.42;0.39
GPT 5.4;Greece;Greek;71.29;91.05;69.18;252.0;63.0;0.82;0.0;0.42;0.39
GPT 5.4;Hungary;Hungarian;34.72;91.23;22.7;119.5;37.5;0.06;0.0;0.42;0.99
GPT 5.4;Iceland;Icelandic;80.53;91.66;84.06;79.5;94.0;0.53;0.18;0.3;0.29
GPT 5.4;Ireland;Irish;62.51;92.56;62.84;124.0;96.5;0.94;0.0;0.26;0.55
GPT 5.4;Ireland;English;62.51;92.56;62.84;124.0;96.5;0.94;0.0;0.26;0.55
GPT 5.4;Italy;Italian;44.13;90.89;24.41;143.0;66.5;0.01;0.0;0.5;0.99
GPT 5.4;Netherlands;Dutch;67.8;88.64;63.82;212.5;92.0;0.49;0.0;0.43;0.52
GPT 5.4;Kosovo;Serbian;55.94;93.89;34.82;91.5;31.5;0.0;0.0;0.45;0.87
GPT 5.4;Kosovo;Albanian;55.94;93.89;34.82;91.5;31.5;0.0;0.0;0.45;0.87
GPT 5.4;Latvia;Latvian;40.88;91.77;25.74;106.5;78.0;0.02;0.0;0.41;1.02
GPT 5.4;Liechtenstein;German;47.24;90.32;28.96;114.0;57.0;0.01;0.0;0.43;0.93
GPT 5.4;Lithuania;Lithuanian;44.94;94.04;24.09;61.5;26.0;0.0;0.0;0.39;1.01
GPT 5.4;Luxembourg;Luxembourgish;76.71;93.5;68.41;71.5;72.5;0.13;0.0;0.27;0.46
GPT 5.4;Luxembourg;German;76.71;93.5;68.41;71.5;72.5;0.13;0.0;0.27;0.46
GPT 5.4;Luxembourg;French;76.71;93.5;68.41;71.5;72.5;0.13;0.0;0.27;0.46
GPT 5.4;Malta;Maltese;92.47;93.7;88.83;55.5;57.0;0.32;0.13;0.16;0.21
GPT 5.4;Malta;English;92.47;93.7;88.83;55.5;57.0;0.32;0.13;0.16;0.21
GPT 5.4;Moldova;Romanian;46.24;92.63;38.41;217.0;55.0;0.26;0.0;0.43;0.83
GPT 5.4;Monaco;French;26.41;86.21;13.7;68.0;42.5;0.01;0.0;0.29;1.05
GPT 5.4;Montenegro;Montenegrin;61.33;91.93;49.28;144.5;67.5;0.07;0.0;0.42;0.69
GPT 5.4;North Macedonia;Macedonian;48.86;92.12;29.26;124.0;32.0;0.0;0.0;0.45;0.92
GPT 5.4;North Macedonia;Albanian;48.86;92.12;29.26;124.0;32.0;0.0;0.0;0.45;0.92
GPT 5.4;Norway;Bokmål;73.05;92.45;68.6;65.0;77.0;0.37;0.0;0.23;0.47
GPT 5.4;Poland;Polish;28.87;91.44;20.5;120.0;41.5;0.25;0.0;0.37;1.05
GPT 5.4;Portugal;Portuguese;79.29;93.12;66.99;63.5;69.5;0.02;0.0;0.3;0.5
GPT 5.4;Romania;Romanian;45.24;91.11;18.63;84.5;50.0;0.0;0.0;0.5;1.05
GPT 5.4;Russia;Russian;14.24;86.67;2.0;16.0;31.0;0.01;0.0;0.22;1.19
GPT 5.4;San Marino;Italian;50.66;90.26;14.97;16.0;21.5;0.0;0.0;0.51;1.06
GPT 5.4;Serbia;Serbian;46.39;91.9;35.26;136.0;30.5;0.08;0.0;0.4;0.82
GPT 5.4;Slovakia;Slovak;38.94;92.96;27.17;105.0;29.5;0.04;0.0;0.35;0.94
GPT 5.4;Slovenia;Slovene;64.99;92.14;50.29;127.5;48.0;0.01;0.0;0.42;0.66
GPT 5.4;Spain;Spanish;81.74;90.59;77.97;167.0;147.5;0.6;0.03;0.43;0.39
GPT 5.4;Sweden;Swedish;68.5;91.34;66.07;111.0;89.0;0.61;0.0;0.32;0.48
GPT 5.4;Switzerland;Italian;49.68;90.86;50.12;227.0;63.0;0.91;0.0;0.33;0.69
GPT 5.4;Switzerland;German;49.68;90.86;50.12;227.0;63.0;0.91;0.0;0.33;0.69
GPT 5.4;Switzerland;French;49.68;90.86;50.12;227.0;63.0;0.91;0.0;0.33;0.69
GPT 5.4;Turkey;Turkish;9.01;89.58;4.75;21.0;28.0;0.16;0.0;0.13;1.19
GPT 5.4;Ukraine;Ukrainian;37.15;91.14;18.76;160.0;66.5;0.02;0.0;0.51;1.07
GPT 5.4;United Kingdom;English;55.34;90.62;45.65;290.5;88.5;0.11;0.0;0.47;0.72
Gemini 3 Flash;Albania;Albanian;56.33;53.82;35.45;94.0;831.5;0.0;0.0;0.46;0.68
Gemini 3 Flash;Andorra;Catalan;61.14;53.34;43.0;71.5;1003.5;0.0;0.08;0.43;0.67
Gemini 3 Flash;Armenia;Armenian;10.85;50.4;9.16;39.5;238.5;0.67;0.0;0.18;0.69
Gemini 3 Flash;Austria;German;61.2;52.41;53.98;426.0;1342.0;0.42;0.96;0.61;0.66
Gemini 3 Flash;Azerbaijan;Azerbaijani;6.08;50.21;2.25;5.0;52.0;0.13;0.0;0.08;0.68
Gemini 3 Flash;Belarus;Belarusian;5.44;50.3;10.16;7.5;276.0;0.14;0.0;0.12;0.69
Gemini 3 Flash;Belarus;Russian;5.44;50.3;10.16;7.5;276.0;0.14;0.0;0.12;0.69
Gemini 3 Flash;Belgium;Dutch;75.07;53.32;85.31;37.0;402.0;0.03;0.0;0.22;0.64
Gemini 3 Flash;Belgium;German;75.07;53.32;85.31;37.0;402.0;0.03;0.0;0.22;0.64
Gemini 3 Flash;Belgium;French;75.07;53.32;85.31;37.0;402.0;0.03;0.0;0.22;0.64
Gemini 3 Flash;Bosnia & Herzegovina;Bosnian;41.25;51.15;39.63;150.5;989.0;0.75;0.05;0.35;0.62
Gemini 3 Flash;Bosnia & Herzegovina;Serbian;41.25;51.15;39.63;150.5;989.0;0.75;0.05;0.35;0.62
Gemini 3 Flash;Bosnia & Herzegovina;Croatian;41.25;51.15;39.63;150.5;989.0;0.75;0.05;0.35;0.62
Gemini 3 Flash;Bulgaria;Bulgarian;25.18;50.89;21.26;53.5;563.0;0.45;0.0;0.25;0.69
Gemini 3 Flash;Croatia;Croatian;57.21;51.94;49.14;102.5;1287.0;0.17;0.73;0.36;0.66
Gemini 3 Flash;Cyprus;Modern Greek;62.12;52.65;33.69;131.0;831.0;0.0;0.0;0.61;0.69
Gemini 3 Flash;Cyprus;Greek;62.12;52.65;33.69;131.0;831.0;0.0;0.0;0.61;0.69
Gemini 3 Flash;Cyprus;Turkish;62.12;52.65;33.69;131.0;831.0;0.0;0.0;0.61;0.69
Gemini 3 Flash;Czechia;Czech;31.79;51.12;33.17;153.0;819.0;0.8;0.0;0.33;0.66
Gemini 3 Flash;Denmark;Danish;72.44;51.26;80.1;57.5;556.0;0.13;0.0;0.26;0.67
Gemini 3 Flash;Estonia;Estonian;48.14;53.02;45.91;174.5;1061.5;0.73;0.16;0.36;0.66
Gemini 3 Flash;Finland;Swedish;70.66;52.15;69.85;95.0;831.5;1.0;0.01;0.27;0.66
Gemini 3 Flash;Finland;Finnish;70.66;52.15;69.85;95.0;831.5;1.0;0.01;0.27;0.66
Gemini 3 Flash;France;French;72.65;51.88;61.38;52.0;1121.5;0.05;0.21;0.36;0.66
Gemini 3 Flash;Georgia;Georgian;34.31;50.55;11.88;65.5;322.0;0.0;0.0;0.44;0.69
Gemini 3 Flash;Germany;German;71.62;52.2;69.1;230.5;862.0;0.73;0.01;0.36;0.6
Gemini 3 Flash;Greece;Modern Greek;73.03;54.97;69.18;150.0;967.0;0.52;0.03;0.34;0.65
Gemini 3 Flash;Greece;Greek;73.03;54.97;69.18;150.0;967.0;0.52;0.03;0.34;0.65
Gemini 3 Flash;Hungary;Hungarian;31.56;49.84;22.7;67.0;656.0;0.16;0.0;0.29;0.67
Gemini 3 Flash;Iceland;Icelandic;80.53;55.0;84.06;63.5;492.0;0.54;0.0;0.29;0.63
Gemini 3 Flash;Ireland;Irish;56.57;52.31;62.84;60.0;1066.5;0.27;0.12;0.32;0.65
Gemini 3 Flash;Ireland;English;56.57;52.31;62.84;60.0;1066.5;0.27;0.12;0.32;0.65
Gemini 3 Flash;Italy;Italian;29.75;51.24;24.41;125.0;605.5;0.31;0.0;0.32;0.67
Gemini 3 Flash;Netherlands;Dutch;72.89;52.4;63.82;79.5;1013.5;0.13;0.13;0.37;0.67
Gemini 3 Flash;Kosovo;Serbian;50.34;52.62;34.82;88.0;836.5;0.01;0.0;0.39;0.67
Gemini 3 Flash;Kosovo;Albanian;50.34;52.62;34.82;88.0;836.5;0.01;0.0;0.39;0.67
Gemini 3 Flash;Latvia;Latvian;28.0;51.08;25.74;152.5;626.5;0.79;0.0;0.37;0.65
Gemini 3 Flash;Liechtenstein;German;33.02;51.27;28.96;143.5;656.5;0.61;0.0;0.34;0.69
Gemini 3 Flash;Lithuania;Lithuanian;37.93;52.01;24.09;63.0;567.0;0.04;0.0;0.36;0.66
Gemini 3 Flash;Luxembourg;Luxembourgish;71.97;54.55;68.41;106.0;926.0;0.51;0.06;0.32;0.64
Gemini 3 Flash;Luxembourg;German;71.97;54.55;68.41;106.0;926.0;0.51;0.06;0.32;0.64
Gemini 3 Flash;Luxembourg;French;71.97;54.55;68.41;106.0;926.0;0.51;0.06;0.32;0.64
Gemini 3 Flash;Malta;Maltese;85.5;57.34;88.83;84.0;399.5;0.66;0.0;0.29;0.61
Gemini 3 Flash;Malta;English;85.5;57.34;88.83;84.0;399.5;0.66;0.0;0.29;0.61
Gemini 3 Flash;Moldova;Romanian;40.2;52.03;38.41;198.5;992.0;0.92;0.05;0.42;0.67
Gemini 3 Flash;Monaco;French;11.99;50.76;13.7;23.0;299.5;0.65;0.0;0.13;0.66
Gemini 3 Flash;Montenegro;Montenegrin;54.82;56.51;49.28;195.5;1093.5;0.45;0.29;0.46;0.63
Gemini 3 Flash;North Macedonia;Macedonian;47.89;52.0;29.26;87.5;728.0;0.01;0.0;0.49;0.69
Gemini 3 Flash;North Macedonia;Albanian;47.89;52.0;29.26;87.5;728.0;0.01;0.0;0.49;0.69
Gemini 3 Flash;Norway;Bokmål;75.4;51.66;68.6;65.0;921.5;0.23;0.02;0.31;0.66
Gemini 3 Flash;Poland;Polish;17.34;50.91;20.5;68.5;489.5;0.46;0.0;0.22;0.68
Gemini 3 Flash;Portugal;Portuguese;81.4;56.63;66.99;85.0;994.5;0.02;0.15;0.41;0.62
Gemini 3 Flash;Romania;Romanian;35.06;51.21;18.63;62.5;450.5;0.01;0.0;0.37;0.68
Gemini 3 Flash;Russia;Russian;1.55;50.0;2.0;4.0;61.5;0.72;0.0;0.05;0.68
Gemini 3 Flash;San Marino;Italian;37.14;54.7;14.97;46.0;292.5;0.0;0.0;0.39;0.7
Gemini 3 Flash;Serbia;Serbian;44.44;51.22;35.26;58.5;909.0;0.08;0.02;0.3;0.67
